GRA,Order
0.43832528180354247,N/A [N/A]
0.00016103059581320446,Mononegavirales [11157]
0.5610305958132038,Caudovirales [28883]
0.00048309178743961335,Herpesvirales [548681]
