GRA,Order
0.5830993823694558,Caudovirales [28883]
0.22852330151600242,N/A [N/A]
0.18837731611454245,Herpesvirales [548681]
