GRA,Q1
0.016002245929253235,Retro-transcribing viruses [35268]
0.001965188096574959,unclassified phages [12333]
0.1948343627175746,ssDNA viruses [29258]
0.787198203256598,dsDNA viruses no RNA stage [35237]
